[{"ID":"P3219","Name":"Michael Kors Women's Luxury Watch","Price":"499.95","Currency":"AUD","Pieces":"1","Reviews":"8","Notes":3,"Image":"","Instruction":"http://cache.Feelgood.com/bigdownloads/buildinginstructions/4193299.pdf","AvgRating":9113.51,"NoofReview":3080.88,"NoofRelatedProducts":9470.63},{"ID":"P4484","Name":"Armani Men's Big Dial Watch","Price":"654.45","Currency":"AUD","Pieces":"1","Reviews":"22","Notes":4,"Image":"","Instruction":"http://cache.Feelgood.com/bigdownloads/buildinginstructions/4193294.pdf","AvgRating":2127.95,"NoofReview":9690.75,"NoofRelatedProducts":3084.76},{"ID":"P4485","Name":"Fossil Premium Smart Watch","Price":"399.99","Currency":"AUD","Pieces":"1","Reviews":"34","Notes":3,"Image":"","Instruction":"http://cache.Feelgood.com/bigdownloads/buildinginstructions/4193295.pdf","AvgRating":7095.94,"NoofReview":4977.85,"NoofRelatedProducts":7030.7},{"ID":"P4486","Name":"Apple Watch Series 5","Price":"629.45","Currency":"AUD","Pieces":"1","Reviews":"25","Notes":4,"Image":"","Instruction":"http://cache.Feelgood.com/bigdownloads/buildinginstructions/4193296.pdf","AvgRating":9364.14,"NoofReview":7651.57,"NoofRelatedProducts":4451.8},{"ID":"P4487","Name":"Omega Women's Gold Watch","Price":"799.99","Currency":"AUD","Pieces":"1","Reviews":"24","Notes":2,"Image":"","Instruction":"http://cache.Feelgood.com/bigdownloads/buildinginstructions/4193297.pdf","AvgRating":8744.18,"NoofReview":1730.85,"NoofRelatedProducts":1205.34}]