{
    "dataBinding": {
        "/webapp/view/Homepage.view.xml": {
            "entitySet": ""
        }, 
        "/webapp/view/ProductList.view.xml": {
            "entitySet": ""
        }, 
        "/webapp/view/ProductDetails.view.xml": {
            "entitySet": "/DocumentsSet"
        }, 
        "/webapp/view/Review.view.xml": {
            "entitySet": "/ReviewSet"
        }, 
        "/webapp/view/ContactUs.view.xml": {
            "entitySet": ""
        }, 
        "/webapp/view/CartDetails.view.xml": {
            "entitySet": ""
        }, 
        "/webapp/view/PaymentPage.view.xml": {
            "entitySet": ""
        }, 
        "/webapp/view/Popover1.view.xml": {
            "entitySet": ""
        } 
    }
}