{"static":{},"combined":{"DocumentsSet":[{"ID":"P3219","Nodes":[{"ID":"R1"},{"ID":"R2"},{"ID":"R3"},{"ID":"R4"}]},{"ID":"P4484","Nodes":[{"ID":"R5"},{"ID":"R6"}]},{"ID":"P4485","Nodes":[{"ID":"R7"},{"ID":"R8"},{"ID":"R9"}]},{"ID":"P4486","Nodes":[{"ID":"R10"},{"ID":"R11"},{"ID":"R12"}]},{"ID":"P4487","Nodes":[{"ID":"R13"},{"ID":"R14"}]}],"ReviewSet":[{"ID":"R1"},{"ID":"R2"},{"ID":"R3"},{"ID":"R4"},{"ID":"R5"},{"ID":"R6"},{"ID":"R7"},{"ID":"R8"},{"ID":"R9"},{"ID":"R10"},{"ID":"R11"},{"ID":"R12"},{"ID":"R13"},{"ID":"R14"}],"ReviewerSet":[{"ID":"Rev1","AuthorName":"Amber B.","Country":"France"},{"ID":"Rev2","AuthorName":"Ashli Rue.","Country":"USA"},{"ID":"Rev3","AuthorName":"Kathi U.","Country":"USA"},{"ID":"Rev4","AuthorName":"M.C.","Country":"Ireland "},{"ID":"Rev5","AuthorName":"Moricio","Country":"Italy"},{"ID":"Rev6","AuthorName":"Randy L.","Country":"Australia"}],"RelatedProductSet":[{"ID":"R1","___FK_447124c57ba590070ae2cde0":"P3219","___FK_c3ceaa1a18c581000be0aefd":"P4484"},{"ID":"R2","___FK_447124c57ba590070ae2cde0":"P3219","___FK_c3ceaa1a18c581000be0aefd":"P4485"},{"ID":"R3","___FK_447124c57ba590070ae2cde0":"P4484","___FK_c3ceaa1a18c581000be0aefd":"P4485"},{"ID":"R4","___FK_447124c57ba590070ae2cde0":"P4484","___FK_c3ceaa1a18c581000be0aefd":"P4486"},{"ID":"R5","___FK_447124c57ba590070ae2cde0":"P4485","___FK_c3ceaa1a18c581000be0aefd":"P3219"},{"ID":"R6","___FK_447124c57ba590070ae2cde0":"P4485","___FK_c3ceaa1a18c581000be0aefd":"P4487"},{"ID":"R7","___FK_447124c57ba590070ae2cde0":"P4486","___FK_c3ceaa1a18c581000be0aefd":"P3219"},{"ID":"R8","___FK_447124c57ba590070ae2cde0":"P4486","___FK_c3ceaa1a18c581000be0aefd":"P4484"},{"ID":"R9","___FK_447124c57ba590070ae2cde0":"P4487","___FK_c3ceaa1a18c581000be0aefd":"P4485"},{"ID":"R10","___FK_447124c57ba590070ae2cde0":"P4487","___FK_c3ceaa1a18c581000be0aefd":"P4486"}]}}